node_id,text
151,"The lady doth protest too much, methinks."
152,Wisely and slow; they stumble that run fast.
153,Wisely and slow; they stumble that run fast.
154,"Blow, blow, thou winter wind! Thou art not so unkind as man's ingratitude."
155,"The fool doth think he is wise, but the wise man knows himself to be a fool."
156,"What a piece of work is man! how noble in reason! how infinite in faculty! in form and moving how express and admirable! in action how like an angel! in apprehension how like a god! the beauty of the world, the paragon of animals! ."
157,Off with his head!
158,"All the world 's a stage, and all the men and women merely players. They have their exits and their entrances; And one man in his time plays many parts."
159,It seems she hangs upon the cheek of night like a rich jewel in an Ethiope's ear.
160,"Though this be madness, yet there is method in 't."
161,"Though this be madness, yet there is method in 't."
162,How bitter a thing it is to look into happiness through another man's eyes!
163,"O Romeo, Romeo! wherefore art thou Romeo?."
164,Wisely and slow; they stumble that run fast.
165,"What a piece of work is man! how noble in reason! how infinite in faculty! in form and moving how express and admirable! in action how like an angel! in apprehension how like a god! the beauty of the world, the paragon of animals! ."
166,For you and I are past our dancing days.
167,"The lady doth protest too much, methinks."
168,"All the world 's a stage, and all the men and women merely players. They have their exits and their entrances; And one man in his time plays many parts."
169,Can one desire too much of a good thing?.
170,"Good Night, Good night! Parting is such sweet sorrow, that I shall say good night till it be morrow."
171,"Good Night, Good night! Parting is such sweet sorrow, that I shall say good night till it be morrow."
172,Off with his head!
173,"O Romeo, Romeo! wherefore art thou Romeo?."
174,Rich gifts wax poor when givers prove unkind.
175,For ever and a day.
176,"The world is grown so bad, that wrens make prey where eagles dare not perch."
177,"Blow, blow, thou winter wind! Thou art not so unkind as man's ingratitude."
178,True is it that we have seen better days.
179,"All the world 's a stage, and all the men and women merely players. They have their exits and their entrances; And one man in his time plays many parts."
180,It seems she hangs upon the cheek of night like a rich jewel in an Ethiope's ear.
181,"It is the east, and Juliet is the sun."
182,I like this place and willingly could waste my time in it.
183,"The fool doth think he is wise, but the wise man knows himself to be a fool."
184,"It is the east, and Juliet is the sun."
185,"Good Night, Good night! Parting is such sweet sorrow, that I shall say good night till it be morrow."
186,Off with his head!
187,What's in a name? That which we call a rose by any other name would smell as sweet.
188,How bitter a thing it is to look into happiness through another man's eyes!
189,The play 's the thing wherein I'll catch the conscience of the king.
190,How bitter a thing it is to look into happiness through another man's eyes!
191,"All the world 's a stage, and all the men and women merely players. They have their exits and their entrances; And one man in his time plays many parts."
192,"It is the east, and Juliet is the sun."
193,This above all: to thine own self be true.
194,For ever and a day.
195,Off with his head!
196,For you and I are past our dancing days.
197,"Good Night, Good night! Parting is such sweet sorrow, that I shall say good night till it be morrow."
198,"The world is grown so bad, that wrens make prey where eagles dare not perch."
199,I like this place and willingly could waste my time in it.
200,I like this place and willingly could waste my time in it.
201,"The fool doth think he is wise, but the wise man knows himself to be a fool."
202,Not stepping o'er the bounds of modesty.
203,"I will speak daggers to her, but use none."
204,"An honest tale speeds best, being plainly told."
205,A horse! a horse! my kingdom for a horse!.
206,This above all: to thine own self be true.
207,O! she doth teach the torches to burn bright.
208,O! she doth teach the torches to burn bright.
209,Tempt not a desperate man.
210,Can one desire too much of a good thing?.
211,"Blow, blow, thou winter wind! Thou art not so unkind as man's ingratitude."
212,"All the world 's a stage, and all the men and women merely players. They have their exits and their entrances; And one man in his time plays many parts."
213,"So wise so young, they say, do never live long."
214,The play 's the thing wherein I'll catch the conscience of the king.
215,Do you think I am easier to be played on than a pipe?
216,How bitter a thing it is to look into happiness through another man's eyes!
217,Brevity is the soul of wit.
218,For ever and a day.
219,"I will speak daggers to her, but use none."
220,Now is the winter of our discontent.
221,"Doubt that the sun doth move, doubt truth to be a liar, but never doubt I love."
222,How bitter a thing it is to look into happiness through another man's eyes!
223,Not stepping o'er the bounds of modesty.
224,"An honest tale speeds best, being plainly told."
225,"All the world 's a stage, and all the men and women merely players. They have their exits and their entrances; And one man in his time plays many parts."
226,The king's name is a tower of strength.
227,"Doubt that the sun doth move, doubt truth to be a liar, but never doubt I love."
228,"All the world 's a stage, and all the men and women merely players. They have their exits and their entrances; And one man in his time plays many parts."
229,True is it that we have seen better days.
230,This above all: to thine own self be true.
231,A horse! a horse! my kingdom for a horse!.
232,For you and I are past our dancing days.
233,"A little more than kin, and less than kind."
234,Now is the winter of our discontent.
235,"Conscience is but a word that cowards use, devised at first to keep the strong in awe."
236,For ever and a day.
237,For you and I are past our dancing days.
238,"To be, or not to be: that is the question."
239,What's in a name? That which we call a rose by any other name would smell as sweet.
240,"It is the east, and Juliet is the sun."
241,"The world is grown so bad, that wrens make prey where eagles dare not perch."
242,Tempt not a desperate man.
243,A horse! a horse! my kingdom for a horse!.
244,"Neither a borrower nor a lender be; For loan oft loses both itself and friend, and borrowing dulls the edge of husbandry."
245,Rich gifts wax poor when givers prove unkind.
246,What's in a name? That which we call a rose by any other name would smell as sweet.
247,"It is the east, and Juliet is the sun."
248,Brevity is the soul of wit.
249,How bitter a thing it is to look into happiness through another man's eyes!
250,This above all: to thine own self be true.
251,"Conscience is but a word that cowards use, devised at first to keep the strong in awe."
252,"Though this be madness, yet there is method in 't."
253,"It is the east, and Juliet is the sun."
254,How bitter a thing it is to look into happiness through another man's eyes!
255,"The fool doth think he is wise, but the wise man knows himself to be a fool."
256,"An honest tale speeds best, being plainly told."
257,"So wise so young, they say, do never live long."
258,In my mind's eye.
259,A horse! a horse! my kingdom for a horse!.
260,Can one desire too much of a good thing?.
261,How bitter a thing it is to look into happiness through another man's eyes!
262,For ever and a day.
263,"Neither a borrower nor a lender be; For loan oft loses both itself and friend, and borrowing dulls the edge of husbandry."
264,The king's name is a tower of strength.
265,That it should come to this!.
266,"See, how she leans her cheek upon her hand! O that I were a glove upon that hand, that I might touch that cheek!."
267,"See, how she leans her cheek upon her hand! O that I were a glove upon that hand, that I might touch that cheek!."
268,Can one desire too much of a good thing?.
269,For ever and a day.
270,O! she doth teach the torches to burn bright.
271,Can one desire too much of a good thing?.
272,"Though this be madness, yet there is method in 't."
273,The play 's the thing wherein I'll catch the conscience of the king.
274,For ever and a day.
275,I like this place and willingly could waste my time in it.
276,Rich gifts wax poor when givers prove unkind.
277,O! she doth teach the torches to burn bright.
278,"Neither a borrower nor a lender be; For loan oft loses both itself and friend, and borrowing dulls the edge of husbandry."
279,For you and I are past our dancing days.
280,"The world is grown so bad, that wrens make prey where eagles dare not perch."
281,I like this place and willingly could waste my time in it.
282,"The fool doth think he is wise, but the wise man knows himself to be a fool."
283,O! she doth teach the torches to burn bright.
284,It seems she hangs upon the cheek of night like a rich jewel in an Ethiope's ear.
285,"O Romeo, Romeo! wherefore art thou Romeo?."
286,"See, how she leans her cheek upon her hand! O that I were a glove upon that hand, that I might touch that cheek!."
287,"The fool doth think he is wise, but the wise man knows himself to be a fool."
288,A horse! a horse! my kingdom for a horse!.
289,Can one desire too much of a good thing?.
290,"When sorrows come, they come not single spies, but in battalions."
291,A horse! a horse! my kingdom for a horse!.
292,For you and I are past our dancing days.
293,In my mind's eye.
294,"Conscience is but a word that cowards use, devised at first to keep the strong in awe."
295,"A little more than kin, and less than kind."
296,"See, how she leans her cheek upon her hand! O that I were a glove upon that hand, that I might touch that cheek!."
297,"A little more than kin, and less than kind."
298,Do you think I am easier to be played on than a pipe?
299,Now is the winter of our discontent.
300,"The fool doth think he is wise, but the wise man knows himself to be a fool."
301,In my mind's eye.
302,Now is the winter of our discontent.
303,"There is nothing either good or bad, but thinking makes it so."
304,Rich gifts wax poor when givers prove unkind.
305,What's in a name? That which we call a rose by any other name would smell as sweet.
306,"The lady doth protest too much, methinks."
307,O! she doth teach the torches to burn bright.
308,"A little more than kin, and less than kind."
309,For you and I are past our dancing days.
310,That it should come to this!.
311,"The world is grown so bad, that wrens make prey where eagles dare not perch."
312,"To be, or not to be: that is the question."
313,"Good Night, Good night! Parting is such sweet sorrow, that I shall say good night till it be morrow."
314,"An honest tale speeds best, being plainly told."
315,How bitter a thing it is to look into happiness through another man's eyes!
316,"Blow, blow, thou winter wind! Thou art not so unkind as man's ingratitude."
317,A horse! a horse! my kingdom for a horse!.
318,"It is the east, and Juliet is the sun."
319,Now is the winter of our discontent.
320,"Blow, blow, thou winter wind! Thou art not so unkind as man's ingratitude."
321,"An honest tale speeds best, being plainly told."
322,I like this place and willingly could waste my time in it.
323,"The world is grown so bad, that wrens make prey where eagles dare not perch."
324,"An honest tale speeds best, being plainly told."
325,How bitter a thing it is to look into happiness through another man's eyes!
326,"Conscience is but a word that cowards use, devised at first to keep the strong in awe."
327,"See, how she leans her cheek upon her hand! O that I were a glove upon that hand, that I might touch that cheek!."
328,"Blow, blow, thou winter wind! Thou art not so unkind as man's ingratitude."
329,Off with his head!
330,"Doubt that the sun doth move, doubt truth to be a liar, but never doubt I love."
331,"An honest tale speeds best, being plainly told."
332,"What a piece of work is man! how noble in reason! how infinite in faculty! in form and moving how express and admirable! in action how like an angel! in apprehension how like a god! the beauty of the world, the paragon of animals! ."
333,"O Romeo, Romeo! wherefore art thou Romeo?."
334,A horse! a horse! my kingdom for a horse!.
335,How bitter a thing it is to look into happiness through another man's eyes!
336,The king's name is a tower of strength.
337,"O Romeo, Romeo! wherefore art thou Romeo?."
338,That it should come to this!.
339,"A little more than kin, and less than kind."
340,Wisely and slow; they stumble that run fast.
341,A horse! a horse! my kingdom for a horse!.
342,"And it must follow, as the night the day, thou canst not then be false to any man."
343,Can one desire too much of a good thing?.
344,"The lady doth protest too much, methinks."
345,True is it that we have seen better days.
346,The play 's the thing wherein I'll catch the conscience of the king.
347,In my mind's eye.
348,O! she doth teach the torches to burn bright.
349,Off with his head!
350,"The fool doth think he is wise, but the wise man knows himself to be a fool."
351,For you and I are past our dancing days.
352,Tempt not a desperate man.
353,"The world is grown so bad, that wrens make prey where eagles dare not perch."
354,The king's name is a tower of strength.
355,True is it that we have seen better days.
356,O! she doth teach the torches to burn bright.
357,I like this place and willingly could waste my time in it.
358,That it should come to this!.
359,Can one desire too much of a good thing?.
360,"Good Night, Good night! Parting is such sweet sorrow, that I shall say good night till it be morrow."
361,Tempt not a desperate man.
362,A horse! a horse! my kingdom for a horse!.
363,A horse! a horse! my kingdom for a horse!.
364,True is it that we have seen better days.
365,"It is the east, and Juliet is the sun."
366,"See, how she leans her cheek upon her hand! O that I were a glove upon that hand, that I might touch that cheek!."
367,How bitter a thing it is to look into happiness through another man's eyes!
368,"So wise so young, they say, do never live long."
369,"An honest tale speeds best, being plainly told."
370,It seems she hangs upon the cheek of night like a rich jewel in an Ethiope's ear.
371,"A little more than kin, and less than kind."
372,"There is nothing either good or bad, but thinking makes it so."
373,"I will speak daggers to her, but use none."
374,Can one desire too much of a good thing?.
375,What's in a name? That which we call a rose by any other name would smell as sweet.
376,O! she doth teach the torches to burn bright.
377,Can one desire too much of a good thing?.
378,Brevity is the soul of wit.
379,"It is the east, and Juliet is the sun."
380,Can one desire too much of a good thing?.
381,"When sorrows come, they come not single spies, but in battalions."
382,"The world is grown so bad, that wrens make prey where eagles dare not perch."
383,O! she doth teach the torches to burn bright.
384,"Doubt that the sun doth move, doubt truth to be a liar, but never doubt I love."
385,"So wise so young, they say, do never live long."
386,"I will speak daggers to her, but use none."
387,"So wise so young, they say, do never live long."
388,Now is the winter of our discontent.
389,What's in a name? That which we call a rose by any other name would smell as sweet.
390,"The fool doth think he is wise, but the wise man knows himself to be a fool."
391,"Conscience is but a word that cowards use, devised at first to keep the strong in awe."
392,Wisely and slow; they stumble that run fast.
393,This above all: to thine own self be true.
394,"Conscience is but a word that cowards use, devised at first to keep the strong in awe."
395,The king's name is a tower of strength.
396,Rich gifts wax poor when givers prove unkind.
397,It seems she hangs upon the cheek of night like a rich jewel in an Ethiope's ear.
398,A horse! a horse! my kingdom for a horse!.
399,"O Romeo, Romeo! wherefore art thou Romeo?."
400,Can one desire too much of a good thing?.
401,Brevity is the soul of wit.
402,"The fool doth think he is wise, but the wise man knows himself to be a fool."
403,"And it must follow, as the night the day, thou canst not then be false to any man."
404,"It is the east, and Juliet is the sun."
405,"So wise so young, they say, do never live long."
406,Not stepping o'er the bounds of modesty.
407,For ever and a day.
408,"So wise so young, they say, do never live long."
409,How bitter a thing it is to look into happiness through another man's eyes!
410,"An honest tale speeds best, being plainly told."
411,It seems she hangs upon the cheek of night like a rich jewel in an Ethiope's ear.
412,"When sorrows come, they come not single spies, but in battalions."
413,The king's name is a tower of strength.
414,That it should come to this!.
415,"See, how she leans her cheek upon her hand! O that I were a glove upon that hand, that I might touch that cheek!."
416,"Good Night, Good night! Parting is such sweet sorrow, that I shall say good night till it be morrow."
417,"To be, or not to be: that is the question."
418,Not stepping o'er the bounds of modesty.
419,For ever and a day.
420,For ever and a day.
421,"An honest tale speeds best, being plainly told."
422,"Doubt that the sun doth move, doubt truth to be a liar, but never doubt I love."
423,The play 's the thing wherein I'll catch the conscience of the king.
424,I like this place and willingly could waste my time in it.
425,"So wise so young, they say, do never live long."
426,Do you think I am easier to be played on than a pipe?
427,Not stepping o'er the bounds of modesty.
428,"Though this be madness, yet there is method in 't."
429,Can one desire too much of a good thing?.
430,What's in a name? That which we call a rose by any other name would smell as sweet.
431,"An honest tale speeds best, being plainly told."
432,Can one desire too much of a good thing?.
433,"An honest tale speeds best, being plainly told."
434,Off with his head!
435,"A little more than kin, and less than kind."
436,"All the world 's a stage, and all the men and women merely players. They have their exits and their entrances; And one man in his time plays many parts."
437,"When sorrows come, they come not single spies, but in battalions."
438,In my mind's eye.
439,Wisely and slow; they stumble that run fast.
440,"See, how she leans her cheek upon her hand! O that I were a glove upon that hand, that I might touch that cheek!."
441,"It is the east, and Juliet is the sun."
442,O! she doth teach the torches to burn bright.
443,The play 's the thing wherein I'll catch the conscience of the king.
444,"All the world 's a stage, and all the men and women merely players. They have their exits and their entrances; And one man in his time plays many parts."
445,Wisely and slow; they stumble that run fast.
446,"I will speak daggers to her, but use none."
447,True is it that we have seen better days.
448,Now is the winter of our discontent.
449,"The fool doth think he is wise, but the wise man knows himself to be a fool."
450,O! she doth teach the torches to burn bright.
451,Do you think I am easier to be played on than a pipe?
452,Can one desire too much of a good thing?.
453,The play 's the thing wherein I'll catch the conscience of the king.
454,"And it must follow, as the night the day, thou canst not then be false to any man."
455,"All the world 's a stage, and all the men and women merely players. They have their exits and their entrances; And one man in his time plays many parts."
456,That it should come to this!.
457,The king's name is a tower of strength.
458,"Blow, blow, thou winter wind! Thou art not so unkind as man's ingratitude."
459,The king's name is a tower of strength.
460,"An honest tale speeds best, being plainly told."
461,For ever and a day.
462,"The lady doth protest too much, methinks."
463,That it should come to this!.
464,Not stepping o'er the bounds of modesty.
465,"So wise so young, they say, do never live long."
466,Tempt not a desperate man.
467,A horse! a horse! my kingdom for a horse!.
468,Do you think I am easier to be played on than a pipe?
469,"When sorrows come, they come not single spies, but in battalions."
470,A horse! a horse! my kingdom for a horse!.
471,"There is nothing either good or bad, but thinking makes it so."
472,"Conscience is but a word that cowards use, devised at first to keep the strong in awe."
473,"The fool doth think he is wise, but the wise man knows himself to be a fool."
474,It seems she hangs upon the cheek of night like a rich jewel in an Ethiope's ear.
475,The play 's the thing wherein I'll catch the conscience of the king.
476,"Blow, blow, thou winter wind! Thou art not so unkind as man's ingratitude."
477,In my mind's eye.
478,"O Romeo, Romeo! wherefore art thou Romeo?."
479,"So wise so young, they say, do never live long."
480,"All the world 's a stage, and all the men and women merely players. They have their exits and their entrances; And one man in his time plays many parts."
481,For ever and a day.
482,"The lady doth protest too much, methinks."
483,"Neither a borrower nor a lender be; For loan oft loses both itself and friend, and borrowing dulls the edge of husbandry."
484,The king's name is a tower of strength.
485,Off with his head!
486,"Blow, blow, thou winter wind! Thou art not so unkind as man's ingratitude."
487,The play 's the thing wherein I'll catch the conscience of the king.
488,Rich gifts wax poor when givers prove unkind.
489,For you and I are past our dancing days.
490,A horse! a horse! my kingdom for a horse!.
491,Can one desire too much of a good thing?.
492,"A little more than kin, and less than kind."
493,"All the world 's a stage, and all the men and women merely players. They have their exits and their entrances; And one man in his time plays many parts."
494,"An honest tale speeds best, being plainly told."
495,"The fool doth think he is wise, but the wise man knows himself to be a fool."
496,For ever and a day.
497,O! she doth teach the torches to burn bright.
498,"To be, or not to be: that is the question."
499,"An honest tale speeds best, being plainly told."
500,For ever and a day.
501,"So wise so young, they say, do never live long."
502,"It is the east, and Juliet is the sun."
503,This above all: to thine own self be true.
504,O! she doth teach the torches to burn bright.
505,"All the world 's a stage, and all the men and women merely players. They have their exits and their entrances; And one man in his time plays many parts."
506,"To be, or not to be: that is the question."
507,Can one desire too much of a good thing?.
508,Brevity is the soul of wit.
509,"Though this be madness, yet there is method in 't."
510,"The fool doth think he is wise, but the wise man knows himself to be a fool."
511,"Conscience is but a word that cowards use, devised at first to keep the strong in awe."
512,How bitter a thing it is to look into happiness through another man's eyes!
513,Can one desire too much of a good thing?.
514,True is it that we have seen better days.
515,True is it that we have seen better days.
516,"What a piece of work is man! how noble in reason! how infinite in faculty! in form and moving how express and admirable! in action how like an angel! in apprehension how like a god! the beauty of the world, the paragon of animals! ."
517,That it should come to this!.
518,"It is the east, and Juliet is the sun."
519,The play 's the thing wherein I'll catch the conscience of the king.
520,True is it that we have seen better days.
521,Wisely and slow; they stumble that run fast.
522,"O Romeo, Romeo! wherefore art thou Romeo?."
523,The king's name is a tower of strength.
524,"It is the east, and Juliet is the sun."
525,"All the world 's a stage, and all the men and women merely players. They have their exits and their entrances; And one man in his time plays many parts."
526,For ever and a day.
527,I like this place and willingly could waste my time in it.
528,What's in a name? That which we call a rose by any other name would smell as sweet.
529,"Though this be madness, yet there is method in 't."
530,What's in a name? That which we call a rose by any other name would smell as sweet.
531,The play 's the thing wherein I'll catch the conscience of the king.
532,"There is nothing either good or bad, but thinking makes it so."
533,Not stepping o'er the bounds of modesty.
534,"Good Night, Good night! Parting is such sweet sorrow, that I shall say good night till it be morrow."
535,"The fool doth think he is wise, but the wise man knows himself to be a fool."
536,"The fool doth think he is wise, but the wise man knows himself to be a fool."
537,Can one desire too much of a good thing?.
538,"The world is grown so bad, that wrens make prey where eagles dare not perch."
539,O! she doth teach the torches to burn bright.
540,"An honest tale speeds best, being plainly told."
541,"To be, or not to be: that is the question."
542,"The world is grown so bad, that wrens make prey where eagles dare not perch."
543,"So wise so young, they say, do never live long."
544,Can one desire too much of a good thing?.
545,The play 's the thing wherein I'll catch the conscience of the king.
546,Off with his head!
547,Rich gifts wax poor when givers prove unkind.
548,It seems she hangs upon the cheek of night like a rich jewel in an Ethiope's ear.
549,That it should come to this!.
550,The king's name is a tower of strength.
551,"All the world 's a stage, and all the men and women merely players. They have their exits and their entrances; And one man in his time plays many parts."
552,"The fool doth think he is wise, but the wise man knows himself to be a fool."
553,"Doubt that the sun doth move, doubt truth to be a liar, but never doubt I love."
554,For you and I are past our dancing days.
555,This above all: to thine own self be true.
556,Do you think I am easier to be played on than a pipe?
557,"An honest tale speeds best, being plainly told."
558,Can one desire too much of a good thing?.
559,Off with his head!
560,"Blow, blow, thou winter wind! Thou art not so unkind as man's ingratitude."
561,"See, how she leans her cheek upon her hand! O that I were a glove upon that hand, that I might touch that cheek!."
562,"Blow, blow, thou winter wind! Thou art not so unkind as man's ingratitude."
563,Rich gifts wax poor when givers prove unkind.
564,Brevity is the soul of wit.
565,"Though this be madness, yet there is method in 't."
566,O! she doth teach the torches to burn bright.
567,"A little more than kin, and less than kind."
568,"All the world 's a stage, and all the men and women merely players. They have their exits and their entrances; And one man in his time plays many parts."
569,The king's name is a tower of strength.
570,Off with his head!
571,Off with his head!
572,Do you think I am easier to be played on than a pipe?
573,"Conscience is but a word that cowards use, devised at first to keep the strong in awe."
574,"O Romeo, Romeo! wherefore art thou Romeo?."
575,"I will speak daggers to her, but use none."
576,"Doubt that the sun doth move, doubt truth to be a liar, but never doubt I love."
577,How bitter a thing it is to look into happiness through another man's eyes!
578,This above all: to thine own self be true.
579,"The world is grown so bad, that wrens make prey where eagles dare not perch."
580,Now is the winter of our discontent.
581,"What a piece of work is man! how noble in reason! how infinite in faculty! in form and moving how express and admirable! in action how like an angel! in apprehension how like a god! the beauty of the world, the paragon of animals! ."
582,A horse! a horse! my kingdom for a horse!.
583,"The fool doth think he is wise, but the wise man knows himself to be a fool."
584,True is it that we have seen better days.
585,"The lady doth protest too much, methinks."
586,"O Romeo, Romeo! wherefore art thou Romeo?."
587,"The lady doth protest too much, methinks."
588,"See, how she leans her cheek upon her hand! O that I were a glove upon that hand, that I might touch that cheek!."
589,"See, how she leans her cheek upon her hand! O that I were a glove upon that hand, that I might touch that cheek!."
590,For ever and a day.
591,Off with his head!
592,"What a piece of work is man! how noble in reason! how infinite in faculty! in form and moving how express and admirable! in action how like an angel! in apprehension how like a god! the beauty of the world, the paragon of animals! ."
593,"An honest tale speeds best, being plainly told."
594,True is it that we have seen better days.
595,O! she doth teach the torches to burn bright.
596,Now is the winter of our discontent.
597,Now is the winter of our discontent.
598,"The world is grown so bad, that wrens make prey where eagles dare not perch."
599,"Blow, blow, thou winter wind! Thou art not so unkind as man's ingratitude."
600,How bitter a thing it is to look into happiness through another man's eyes!
601,Wisely and slow; they stumble that run fast.
602,O! she doth teach the torches to burn bright.
603,"All the world 's a stage, and all the men and women merely players. They have their exits and their entrances; And one man in his time plays many parts."
604,I like this place and willingly could waste my time in it.
605,This above all: to thine own self be true.
606,Tempt not a desperate man.
607,"Conscience is but a word that cowards use, devised at first to keep the strong in awe."
608,"It is the east, and Juliet is the sun."
609,True is it that we have seen better days.
610,Now is the winter of our discontent.
611,"It is the east, and Juliet is the sun."
612,For ever and a day.
613,"The lady doth protest too much, methinks."
614,How bitter a thing it is to look into happiness through another man's eyes!
615,Now is the winter of our discontent.
616,"The fool doth think he is wise, but the wise man knows himself to be a fool."
617,"Conscience is but a word that cowards use, devised at first to keep the strong in awe."
618,"Doubt that the sun doth move, doubt truth to be a liar, but never doubt I love."
619,"Conscience is but a word that cowards use, devised at first to keep the strong in awe."
620,"Though this be madness, yet there is method in 't."
621,"See, how she leans her cheek upon her hand! O that I were a glove upon that hand, that I might touch that cheek!."
622,"So wise so young, they say, do never live long."
623,"An honest tale speeds best, being plainly told."
624,O! she doth teach the torches to burn bright.
625,This above all: to thine own self be true.
626,Tempt not a desperate man.
627,Brevity is the soul of wit.
628,"So wise so young, they say, do never live long."
629,"An honest tale speeds best, being plainly told."
630,"A little more than kin, and less than kind."
631,"It is the east, and Juliet is the sun."
632,"A little more than kin, and less than kind."
633,Wisely and slow; they stumble that run fast.
634,Can one desire too much of a good thing?.
635,That it should come to this!.
636,"So wise so young, they say, do never live long."
637,"O Romeo, Romeo! wherefore art thou Romeo?."
638,For you and I are past our dancing days.
639,"The world is grown so bad, that wrens make prey where eagles dare not perch."
640,In my mind's eye.
641,"There is nothing either good or bad, but thinking makes it so."
642,Now is the winter of our discontent.
643,The king's name is a tower of strength.
644,"All the world 's a stage, and all the men and women merely players. They have their exits and their entrances; And one man in his time plays many parts."
645,O! she doth teach the torches to burn bright.
646,"Neither a borrower nor a lender be; For loan oft loses both itself and friend, and borrowing dulls the edge of husbandry."
647,Off with his head!
648,"To be, or not to be: that is the question."
649,"It is the east, and Juliet is the sun."
650,"There is nothing either good or bad, but thinking makes it so."
651,"O Romeo, Romeo! wherefore art thou Romeo?."
652,"So wise so young, they say, do never live long."
653,It seems she hangs upon the cheek of night like a rich jewel in an Ethiope's ear.
654,Wisely and slow; they stumble that run fast.
655,Off with his head!
656,"And it must follow, as the night the day, thou canst not then be false to any man."
657,Now is the winter of our discontent.
658,The king's name is a tower of strength.
659,Off with his head!
660,I like this place and willingly could waste my time in it.
661,"When sorrows come, they come not single spies, but in battalions."
662,"What a piece of work is man! how noble in reason! how infinite in faculty! in form and moving how express and admirable! in action how like an angel! in apprehension how like a god! the beauty of the world, the paragon of animals! ."
663,"Good Night, Good night! Parting is such sweet sorrow, that I shall say good night till it be morrow."
664,Can one desire too much of a good thing?.
665,How bitter a thing it is to look into happiness through another man's eyes!
666,For ever and a day.
667,A horse! a horse! my kingdom for a horse!.
668,"The lady doth protest too much, methinks."
669,How bitter a thing it is to look into happiness through another man's eyes!
670,O! she doth teach the torches to burn bright.
671,How bitter a thing it is to look into happiness through another man's eyes!
672,"All the world 's a stage, and all the men and women merely players. They have their exits and their entrances; And one man in his time plays many parts."
673,"So wise so young, they say, do never live long."
674,The king's name is a tower of strength.
675,"So wise so young, they say, do never live long."
676,"The fool doth think he is wise, but the wise man knows himself to be a fool."
677,"I will speak daggers to her, but use none."
678,Do you think I am easier to be played on than a pipe?
679,Now is the winter of our discontent.
680,"Conscience is but a word that cowards use, devised at first to keep the strong in awe."
681,Now is the winter of our discontent.
682,It seems she hangs upon the cheek of night like a rich jewel in an Ethiope's ear.
683,"See, how she leans her cheek upon her hand! O that I were a glove upon that hand, that I might touch that cheek!."
684,Rich gifts wax poor when givers prove unkind.
685,How bitter a thing it is to look into happiness through another man's eyes!
686,How bitter a thing it is to look into happiness through another man's eyes!
687,Now is the winter of our discontent.
688,That it should come to this!.
689,How bitter a thing it is to look into happiness through another man's eyes!
690,How bitter a thing it is to look into happiness through another man's eyes!
691,Can one desire too much of a good thing?.
692,Do you think I am easier to be played on than a pipe?
693,The king's name is a tower of strength.
694,A horse! a horse! my kingdom for a horse!.
695,Can one desire too much of a good thing?.
696,O! she doth teach the torches to burn bright.
697,"O Romeo, Romeo! wherefore art thou Romeo?."
698,"Blow, blow, thou winter wind! Thou art not so unkind as man's ingratitude."
699,"See, how she leans her cheek upon her hand! O that I were a glove upon that hand, that I might touch that cheek!."
700,A horse! a horse! my kingdom for a horse!.
701,"See, how she leans her cheek upon her hand! O that I were a glove upon that hand, that I might touch that cheek!."
702,A horse! a horse! my kingdom for a horse!.
703,For ever and a day.
704,"See, how she leans her cheek upon her hand! O that I were a glove upon that hand, that I might touch that cheek!."
705,"All the world 's a stage, and all the men and women merely players. They have their exits and their entrances; And one man in his time plays many parts."
706,How bitter a thing it is to look into happiness through another man's eyes!
707,For ever and a day.
708,Now is the winter of our discontent.
709,"Neither a borrower nor a lender be; For loan oft loses both itself and friend, and borrowing dulls the edge of husbandry."
710,"What a piece of work is man! how noble in reason! how infinite in faculty! in form and moving how express and admirable! in action how like an angel! in apprehension how like a god! the beauty of the world, the paragon of animals! ."
711,How bitter a thing it is to look into happiness through another man's eyes!
712,In my mind's eye.
713,I like this place and willingly could waste my time in it.
714,A horse! a horse! my kingdom for a horse!.
715,I like this place and willingly could waste my time in it.
716,A horse! a horse! my kingdom for a horse!.
717,"So wise so young, they say, do never live long."
718,"Good Night, Good night! Parting is such sweet sorrow, that I shall say good night till it be morrow."
719,How bitter a thing it is to look into happiness through another man's eyes!
720,"When sorrows come, they come not single spies, but in battalions."
721,"An honest tale speeds best, being plainly told."
722,For you and I are past our dancing days.
723,The king's name is a tower of strength.
724,"The fool doth think he is wise, but the wise man knows himself to be a fool."
725,Can one desire too much of a good thing?.
726,I like this place and willingly could waste my time in it.
727,"See, how she leans her cheek upon her hand! O that I were a glove upon that hand, that I might touch that cheek!."
728,Do you think I am easier to be played on than a pipe?
729,Brevity is the soul of wit.
730,O! she doth teach the torches to burn bright.
731,Now is the winter of our discontent.
732,"The world is grown so bad, that wrens make prey where eagles dare not perch."
733,"It is the east, and Juliet is the sun."
734,"All the world 's a stage, and all the men and women merely players. They have their exits and their entrances; And one man in his time plays many parts."
735,"To be, or not to be: that is the question."
736,"When sorrows come, they come not single spies, but in battalions."
737,For you and I are past our dancing days.
738,"Conscience is but a word that cowards use, devised at first to keep the strong in awe."
739,"Blow, blow, thou winter wind! Thou art not so unkind as man's ingratitude."
740,The king's name is a tower of strength.
741,Off with his head!
742,This above all: to thine own self be true.
743,"To be, or not to be: that is the question."
744,For ever and a day.
745,It seems she hangs upon the cheek of night like a rich jewel in an Ethiope's ear.
746,"An honest tale speeds best, being plainly told."
747,Now is the winter of our discontent.
748,For you and I are past our dancing days.
749,Off with his head!
750,"To be, or not to be: that is the question."
751,Tempt not a desperate man.
752,A horse! a horse! my kingdom for a horse!.
753,Can one desire too much of a good thing?.
754,Brevity is the soul of wit.
755,What's in a name? That which we call a rose by any other name would smell as sweet.
756,O! she doth teach the torches to burn bright.
757,"Conscience is but a word that cowards use, devised at first to keep the strong in awe."
758,"The lady doth protest too much, methinks."
759,The king's name is a tower of strength.
760,O! she doth teach the torches to burn bright.
761,How bitter a thing it is to look into happiness through another man's eyes!
762,Now is the winter of our discontent.
763,"Neither a borrower nor a lender be; For loan oft loses both itself and friend, and borrowing dulls the edge of husbandry."
764,"It is the east, and Juliet is the sun."
765,"Neither a borrower nor a lender be; For loan oft loses both itself and friend, and borrowing dulls the edge of husbandry."
766,"See, how she leans her cheek upon her hand! O that I were a glove upon that hand, that I might touch that cheek!."
767,"Good Night, Good night! Parting is such sweet sorrow, that I shall say good night till it be morrow."
768,"Good Night, Good night! Parting is such sweet sorrow, that I shall say good night till it be morrow."
769,"A little more than kin, and less than kind."
770,For ever and a day.
771,"What a piece of work is man! how noble in reason! how infinite in faculty! in form and moving how express and admirable! in action how like an angel! in apprehension how like a god! the beauty of the world, the paragon of animals! ."
772,It seems she hangs upon the cheek of night like a rich jewel in an Ethiope's ear.
773,"So wise so young, they say, do never live long."
774,"Conscience is but a word that cowards use, devised at first to keep the strong in awe."
775,How bitter a thing it is to look into happiness through another man's eyes!
776,True is it that we have seen better days.
777,"Blow, blow, thou winter wind! Thou art not so unkind as man's ingratitude."
778,"All the world 's a stage, and all the men and women merely players. They have their exits and their entrances; And one man in his time plays many parts."
779,True is it that we have seen better days.
780,Wisely and slow; they stumble that run fast.
781,I like this place and willingly could waste my time in it.
782,Tempt not a desperate man.
783,I like this place and willingly could waste my time in it.
784,"All the world 's a stage, and all the men and women merely players. They have their exits and their entrances; And one man in his time plays many parts."
785,True is it that we have seen better days.
786,"Neither a borrower nor a lender be; For loan oft loses both itself and friend, and borrowing dulls the edge of husbandry."
787,"The lady doth protest too much, methinks."
788,"All the world 's a stage, and all the men and women merely players. They have their exits and their entrances; And one man in his time plays many parts."
789,Rich gifts wax poor when givers prove unkind.
790,"There is nothing either good or bad, but thinking makes it so."
791,"Though this be madness, yet there is method in 't."
792,Can one desire too much of a good thing?.
793,Now is the winter of our discontent.
794,"What a piece of work is man! how noble in reason! how infinite in faculty! in form and moving how express and admirable! in action how like an angel! in apprehension how like a god! the beauty of the world, the paragon of animals! ."
795,That it should come to this!.
796,Wisely and slow; they stumble that run fast.
797,Rich gifts wax poor when givers prove unkind.
798,"Neither a borrower nor a lender be; For loan oft loses both itself and friend, and borrowing dulls the edge of husbandry."
799,"It is the east, and Juliet is the sun."
800,"All the world 's a stage, and all the men and women merely players. They have their exits and their entrances; And one man in his time plays many parts."
801,The play 's the thing wherein I'll catch the conscience of the king.
802,"When sorrows come, they come not single spies, but in battalions."
803,"The fool doth think he is wise, but the wise man knows himself to be a fool."
804,"There is nothing either good or bad, but thinking makes it so."
805,"All the world 's a stage, and all the men and women merely players. They have their exits and their entrances; And one man in his time plays many parts."
806,"Neither a borrower nor a lender be; For loan oft loses both itself and friend, and borrowing dulls the edge of husbandry."
807,"See, how she leans her cheek upon her hand! O that I were a glove upon that hand, that I might touch that cheek!."
808,It seems she hangs upon the cheek of night like a rich jewel in an Ethiope's ear.
809,"The fool doth think he is wise, but the wise man knows himself to be a fool."
810,What's in a name? That which we call a rose by any other name would smell as sweet.
811,"The world is grown so bad, that wrens make prey where eagles dare not perch."
812,Now is the winter of our discontent.
813,"I will speak daggers to her, but use none."
814,A horse! a horse! my kingdom for a horse!.
815,O! she doth teach the torches to burn bright.
816,Rich gifts wax poor when givers prove unkind.
817,"An honest tale speeds best, being plainly told."
818,For ever and a day.
819,"There is nothing either good or bad, but thinking makes it so."
820,"It is the east, and Juliet is the sun."
821,"Good Night, Good night! Parting is such sweet sorrow, that I shall say good night till it be morrow."
822,I like this place and willingly could waste my time in it.
823,For ever and a day.
824,A horse! a horse! my kingdom for a horse!.
825,The king's name is a tower of strength.
826,This above all: to thine own self be true.
827,"And it must follow, as the night the day, thou canst not then be false to any man."
828,For you and I are past our dancing days.
829,"The world is grown so bad, that wrens make prey where eagles dare not perch."
830,That it should come to this!.
831,"And it must follow, as the night the day, thou canst not then be false to any man."
832,"The world is grown so bad, that wrens make prey where eagles dare not perch."
833,For ever and a day.
834,Tempt not a desperate man.
835,"O Romeo, Romeo! wherefore art thou Romeo?."
836,For you and I are past our dancing days.
837,"It is the east, and Juliet is the sun."
838,"A little more than kin, and less than kind."
839,"See, how she leans her cheek upon her hand! O that I were a glove upon that hand, that I might touch that cheek!."
840,That it should come to this!.
841,"Blow, blow, thou winter wind! Thou art not so unkind as man's ingratitude."
842,"The lady doth protest too much, methinks."
843,"O Romeo, Romeo! wherefore art thou Romeo?."
844,Can one desire too much of a good thing?.
845,Can one desire too much of a good thing?.
846,"O Romeo, Romeo! wherefore art thou Romeo?."
847,I like this place and willingly could waste my time in it.
848,Off with his head!
849,"All the world 's a stage, and all the men and women merely players. They have their exits and their entrances; And one man in his time plays many parts."
850,"So wise so young, they say, do never live long."
851,Can one desire too much of a good thing?.
852,Now is the winter of our discontent.
853,"It is the east, and Juliet is the sun."
854,"Neither a borrower nor a lender be; For loan oft loses both itself and friend, and borrowing dulls the edge of husbandry."
855,Tempt not a desperate man.
856,It seems she hangs upon the cheek of night like a rich jewel in an Ethiope's ear.
857,I like this place and willingly could waste my time in it.
858,"Conscience is but a word that cowards use, devised at first to keep the strong in awe."
859,"Conscience is but a word that cowards use, devised at first to keep the strong in awe."
860,I like this place and willingly could waste my time in it.
861,"The lady doth protest too much, methinks."
862,"The world is grown so bad, that wrens make prey where eagles dare not perch."
863,For ever and a day.
864,The play 's the thing wherein I'll catch the conscience of the king.
865,That it should come to this!.
866,"I will speak daggers to her, but use none."
867,For you and I are past our dancing days.
868,Off with his head!
869,Wisely and slow; they stumble that run fast.
870,"An honest tale speeds best, being plainly told."
871,"It is the east, and Juliet is the sun."
872,Wisely and slow; they stumble that run fast.
873,What's in a name? That which we call a rose by any other name would smell as sweet.
874,"Neither a borrower nor a lender be; For loan oft loses both itself and friend, and borrowing dulls the edge of husbandry."
875,"When sorrows come, they come not single spies, but in battalions."
876,Now is the winter of our discontent.
877,The king's name is a tower of strength.
878,"An honest tale speeds best, being plainly told."
879,"Good Night, Good night! Parting is such sweet sorrow, that I shall say good night till it be morrow."
880,"To be, or not to be: that is the question."
881,I like this place and willingly could waste my time in it.
882,O! she doth teach the torches to burn bright.
883,In my mind's eye.
884,"A little more than kin, and less than kind."
885,The king's name is a tower of strength.
886,Off with his head!
887,Now is the winter of our discontent.
888,"There is nothing either good or bad, but thinking makes it so."
889,What's in a name? That which we call a rose by any other name would smell as sweet.
890,Can one desire too much of a good thing?.
891,"So wise so young, they say, do never live long."
892,Do you think I am easier to be played on than a pipe?
893,O! she doth teach the torches to burn bright.
894,"All the world 's a stage, and all the men and women merely players. They have their exits and their entrances; And one man in his time plays many parts."
895,"An honest tale speeds best, being plainly told."
896,The play 's the thing wherein I'll catch the conscience of the king.
897,"Blow, blow, thou winter wind! Thou art not so unkind as man's ingratitude."
898,"Blow, blow, thou winter wind! Thou art not so unkind as man's ingratitude."
899,"The world is grown so bad, that wrens make prey where eagles dare not perch."
900,For you and I are past our dancing days.
901,Not stepping o'er the bounds of modesty.
902,True is it that we have seen better days.
903,For ever and a day.
904,"The world is grown so bad, that wrens make prey where eagles dare not perch."
905,"O Romeo, Romeo! wherefore art thou Romeo?."
906,It seems she hangs upon the cheek of night like a rich jewel in an Ethiope's ear.
907,The play 's the thing wherein I'll catch the conscience of the king.
908,"So wise so young, they say, do never live long."
909,True is it that we have seen better days.
910,Now is the winter of our discontent.
911,For ever and a day.
912,It seems she hangs upon the cheek of night like a rich jewel in an Ethiope's ear.
913,For ever and a day.
914,"Good Night, Good night! Parting is such sweet sorrow, that I shall say good night till it be morrow."
915,For ever and a day.
916,"See, how she leans her cheek upon her hand! O that I were a glove upon that hand, that I might touch that cheek!."
917,What's in a name? That which we call a rose by any other name would smell as sweet.
918,Now is the winter of our discontent.
919,O! she doth teach the torches to burn bright.
920,The king's name is a tower of strength.
921,"Conscience is but a word that cowards use, devised at first to keep the strong in awe."
922,Can one desire too much of a good thing?.
923,I like this place and willingly could waste my time in it.
924,True is it that we have seen better days.
925,"There is nothing either good or bad, but thinking makes it so."
926,"All the world 's a stage, and all the men and women merely players. They have their exits and their entrances; And one man in his time plays many parts."
927,"Conscience is but a word that cowards use, devised at first to keep the strong in awe."
928,I like this place and willingly could waste my time in it.
929,For you and I are past our dancing days.
930,I like this place and willingly could waste my time in it.
931,Not stepping o'er the bounds of modesty.
932,I like this place and willingly could waste my time in it.
933,I like this place and willingly could waste my time in it.
934,I like this place and willingly could waste my time in it.
935,How bitter a thing it is to look into happiness through another man's eyes!
936,It seems she hangs upon the cheek of night like a rich jewel in an Ethiope's ear.
937,"It is the east, and Juliet is the sun."
938,"The world is grown so bad, that wrens make prey where eagles dare not perch."
939,For you and I are past our dancing days.
940,True is it that we have seen better days.
941,"All the world 's a stage, and all the men and women merely players. They have their exits and their entrances; And one man in his time plays many parts."
942,True is it that we have seen better days.
943,"And it must follow, as the night the day, thou canst not then be false to any man."
944,In my mind's eye.
945,"Blow, blow, thou winter wind! Thou art not so unkind as man's ingratitude."
946,A horse! a horse! my kingdom for a horse!.
947,"The world is grown so bad, that wrens make prey where eagles dare not perch."
948,A horse! a horse! my kingdom for a horse!.
949,It seems she hangs upon the cheek of night like a rich jewel in an Ethiope's ear.
950,How bitter a thing it is to look into happiness through another man's eyes!
951,Now is the winter of our discontent.
952,"A little more than kin, and less than kind."
953,"The fool doth think he is wise, but the wise man knows himself to be a fool."
954,How bitter a thing it is to look into happiness through another man's eyes!
955,Off with his head!
956,"There is nothing either good or bad, but thinking makes it so."
957,"Neither a borrower nor a lender be; For loan oft loses both itself and friend, and borrowing dulls the edge of husbandry."
958,The play 's the thing wherein I'll catch the conscience of the king.
959,"See, how she leans her cheek upon her hand! O that I were a glove upon that hand, that I might touch that cheek!."
960,"All the world 's a stage, and all the men and women merely players. They have their exits and their entrances; And one man in his time plays many parts."
961,"An honest tale speeds best, being plainly told."
962,This above all: to thine own self be true.
963,"The lady doth protest too much, methinks."
964,How bitter a thing it is to look into happiness through another man's eyes!
965,"It is the east, and Juliet is the sun."
966,Off with his head!
967,Now is the winter of our discontent.
968,Rich gifts wax poor when givers prove unkind.
969,Off with his head!
970,"Blow, blow, thou winter wind! Thou art not so unkind as man's ingratitude."
971,"Blow, blow, thou winter wind! Thou art not so unkind as man's ingratitude."
972,"O Romeo, Romeo! wherefore art thou Romeo?."
973,"Though this be madness, yet there is method in 't."
974,"Doubt that the sun doth move, doubt truth to be a liar, but never doubt I love."
975,True is it that we have seen better days.
976,"Doubt that the sun doth move, doubt truth to be a liar, but never doubt I love."
977,"And it must follow, as the night the day, thou canst not then be false to any man."
978,"Blow, blow, thou winter wind! Thou art not so unkind as man's ingratitude."
979,"Blow, blow, thou winter wind! Thou art not so unkind as man's ingratitude."
980,A horse! a horse! my kingdom for a horse!.
981,"There is nothing either good or bad, but thinking makes it so."
982,"Doubt that the sun doth move, doubt truth to be a liar, but never doubt I love."
983,Rich gifts wax poor when givers prove unkind.
984,"Good Night, Good night! Parting is such sweet sorrow, that I shall say good night till it be morrow."
985,"O Romeo, Romeo! wherefore art thou Romeo?."
986,Can one desire too much of a good thing?.
987,That it should come to this!.
988,Not stepping o'er the bounds of modesty.
989,"What a piece of work is man! how noble in reason! how infinite in faculty! in form and moving how express and admirable! in action how like an angel! in apprehension how like a god! the beauty of the world, the paragon of animals! ."
990,How bitter a thing it is to look into happiness through another man's eyes!
991,"So wise so young, they say, do never live long."
992,How bitter a thing it is to look into happiness through another man's eyes!
993,Can one desire too much of a good thing?.
994,It seems she hangs upon the cheek of night like a rich jewel in an Ethiope's ear.
995,For you and I are past our dancing days.
996,The play 's the thing wherein I'll catch the conscience of the king.
997,"To be, or not to be: that is the question."
998,"And it must follow, as the night the day, thou canst not then be false to any man."
999,"Conscience is but a word that cowards use, devised at first to keep the strong in awe."
1000,"All the world 's a stage, and all the men and women merely players. They have their exits and their entrances; And one man in his time plays many parts."
1001,"I will speak daggers to her, but use none."
1002,"To be, or not to be: that is the question."
1003,Off with his head!
1004,For you and I are past our dancing days.
1005,It seems she hangs upon the cheek of night like a rich jewel in an Ethiope's ear.
1006,"A little more than kin, and less than kind."
1007,"And it must follow, as the night the day, thou canst not then be false to any man."
1008,"It is the east, and Juliet is the sun."
1009,"It is the east, and Juliet is the sun."
1010,"Good Night, Good night! Parting is such sweet sorrow, that I shall say good night till it be morrow."
1011,Not stepping o'er the bounds of modesty.
1012,It seems she hangs upon the cheek of night like a rich jewel in an Ethiope's ear.
1013,Can one desire too much of a good thing?.
1014,I like this place and willingly could waste my time in it.
1015,Off with his head!
1016,"When sorrows come, they come not single spies, but in battalions."
1017,Off with his head!
1018,O! she doth teach the torches to burn bright.
1019,A horse! a horse! my kingdom for a horse!.
1020,Not stepping o'er the bounds of modesty.
1021,"See, how she leans her cheek upon her hand! O that I were a glove upon that hand, that I might touch that cheek!."
1022,A horse! a horse! my kingdom for a horse!.
1023,"So wise so young, they say, do never live long."
1024,"There is nothing either good or bad, but thinking makes it so."
1025,Do you think I am easier to be played on than a pipe?
1026,"An honest tale speeds best, being plainly told."
1027,"And it must follow, as the night the day, thou canst not then be false to any man."
1028,How bitter a thing it is to look into happiness through another man's eyes!
1029,"The world is grown so bad, that wrens make prey where eagles dare not perch."
1030,"I will speak daggers to her, but use none."
1031,Brevity is the soul of wit.
1032,Brevity is the soul of wit.
1033,"The fool doth think he is wise, but the wise man knows himself to be a fool."
1034,"The fool doth think he is wise, but the wise man knows himself to be a fool."
1035,How bitter a thing it is to look into happiness through another man's eyes!
1036,This above all: to thine own self be true.
1037,"And it must follow, as the night the day, thou canst not then be false to any man."
1038,"The fool doth think he is wise, but the wise man knows himself to be a fool."
1039,"What a piece of work is man! how noble in reason! how infinite in faculty! in form and moving how express and admirable! in action how like an angel! in apprehension how like a god! the beauty of the world, the paragon of animals! ."
1040,Can one desire too much of a good thing?.
1041,Brevity is the soul of wit.
1042,Rich gifts wax poor when givers prove unkind.
1043,That it should come to this!.
1044,"All the world 's a stage, and all the men and women merely players. They have their exits and their entrances; And one man in his time plays many parts."
1045,"Doubt that the sun doth move, doubt truth to be a liar, but never doubt I love."
1046,This above all: to thine own self be true.
1047,Wisely and slow; they stumble that run fast.
1048,"Good Night, Good night! Parting is such sweet sorrow, that I shall say good night till it be morrow."
1049,"A little more than kin, and less than kind."
1050,"Though this be madness, yet there is method in 't."
1051,For you and I are past our dancing days.
1052,"So wise so young, they say, do never live long."
1053,Rich gifts wax poor when givers prove unkind.
1054,"Conscience is but a word that cowards use, devised at first to keep the strong in awe."
1055,What's in a name? That which we call a rose by any other name would smell as sweet.
1056,True is it that we have seen better days.
1057,Off with his head!
1058,"The world is grown so bad, that wrens make prey where eagles dare not perch."
1059,"The fool doth think he is wise, but the wise man knows himself to be a fool."
1060,Wisely and slow; they stumble that run fast.
1061,Not stepping o'er the bounds of modesty.
1062,Can one desire too much of a good thing?.
1063,Wisely and slow; they stumble that run fast.
1064,Can one desire too much of a good thing?.
1065,"Neither a borrower nor a lender be; For loan oft loses both itself and friend, and borrowing dulls the edge of husbandry."
1066,"See, how she leans her cheek upon her hand! O that I were a glove upon that hand, that I might touch that cheek!."
1067,For ever and a day.
1068,How bitter a thing it is to look into happiness through another man's eyes!
1069,The king's name is a tower of strength.
1070,The king's name is a tower of strength.
1071,"O Romeo, Romeo! wherefore art thou Romeo?."
1072,Brevity is the soul of wit.
1073,"All the world 's a stage, and all the men and women merely players. They have their exits and their entrances; And one man in his time plays many parts."
1074,"Blow, blow, thou winter wind! Thou art not so unkind as man's ingratitude."
1075,For you and I are past our dancing days.
1076,A horse! a horse! my kingdom for a horse!.
1077,"Conscience is but a word that cowards use, devised at first to keep the strong in awe."
1078,"Blow, blow, thou winter wind! Thou art not so unkind as man's ingratitude."
1079,Off with his head!
1080,"See, how she leans her cheek upon her hand! O that I were a glove upon that hand, that I might touch that cheek!."
1081,"Blow, blow, thou winter wind! Thou art not so unkind as man's ingratitude."
1082,Wisely and slow; they stumble that run fast.
1083,A horse! a horse! my kingdom for a horse!.
1084,Now is the winter of our discontent.
1085,I like this place and willingly could waste my time in it.
1086,"Conscience is but a word that cowards use, devised at first to keep the strong in awe."
1087,"An honest tale speeds best, being plainly told."
1088,For you and I are past our dancing days.
1089,The play 's the thing wherein I'll catch the conscience of the king.
1090,Can one desire too much of a good thing?.
1091,"The world is grown so bad, that wrens make prey where eagles dare not perch."
1092,True is it that we have seen better days.
1093,"The world is grown so bad, that wrens make prey where eagles dare not perch."
1094,"All the world 's a stage, and all the men and women merely players. They have their exits and their entrances; And one man in his time plays many parts."
1095,How bitter a thing it is to look into happiness through another man's eyes!
1096,Wisely and slow; they stumble that run fast.
1097,"The world is grown so bad, that wrens make prey where eagles dare not perch."
1098,It seems she hangs upon the cheek of night like a rich jewel in an Ethiope's ear.
1099,"The fool doth think he is wise, but the wise man knows himself to be a fool."
1100,"Blow, blow, thou winter wind! Thou art not so unkind as man's ingratitude."
1101,How bitter a thing it is to look into happiness through another man's eyes!
1102,What's in a name? That which we call a rose by any other name would smell as sweet.
1103,It seems she hangs upon the cheek of night like a rich jewel in an Ethiope's ear.
1104,"The fool doth think he is wise, but the wise man knows himself to be a fool."
1105,Tempt not a desperate man.
1106,"The lady doth protest too much, methinks."
1107,"The world is grown so bad, that wrens make prey where eagles dare not perch."
1108,For ever and a day.
1109,"So wise so young, they say, do never live long."
1110,The play 's the thing wherein I'll catch the conscience of the king.
1111,How bitter a thing it is to look into happiness through another man's eyes!
1112,"Blow, blow, thou winter wind! Thou art not so unkind as man's ingratitude."
1113,"An honest tale speeds best, being plainly told."
1114,"And it must follow, as the night the day, thou canst not then be false to any man."
1115,This above all: to thine own self be true.
1116,Wisely and slow; they stumble that run fast.
1117,Off with his head!
1118,True is it that we have seen better days.
1119,"The fool doth think he is wise, but the wise man knows himself to be a fool."
1120,"The fool doth think he is wise, but the wise man knows himself to be a fool."
1121,I like this place and willingly could waste my time in it.
1122,"It is the east, and Juliet is the sun."
1123,The play 's the thing wherein I'll catch the conscience of the king.
1124,"All the world 's a stage, and all the men and women merely players. They have their exits and their entrances; And one man in his time plays many parts."
1125,Rich gifts wax poor when givers prove unkind.
1126,"The lady doth protest too much, methinks."
1127,"So wise so young, they say, do never live long."
1128,I like this place and willingly could waste my time in it.
1129,Not stepping o'er the bounds of modesty.
1130,"What a piece of work is man! how noble in reason! how infinite in faculty! in form and moving how express and admirable! in action how like an angel! in apprehension how like a god! the beauty of the world, the paragon of animals! ."
1131,That it should come to this!.
1132,"It is the east, and Juliet is the sun."
1133,The king's name is a tower of strength.
1134,"To be, or not to be: that is the question."
1135,"The world is grown so bad, that wrens make prey where eagles dare not perch."
1136,Now is the winter of our discontent.
1137,Can one desire too much of a good thing?.
1138,For you and I are past our dancing days.
1139,"What a piece of work is man! how noble in reason! how infinite in faculty! in form and moving how express and admirable! in action how like an angel! in apprehension how like a god! the beauty of the world, the paragon of animals! ."
1140,"All the world 's a stage, and all the men and women merely players. They have their exits and their entrances; And one man in his time plays many parts."
1141,Brevity is the soul of wit.
1142,Now is the winter of our discontent.
1143,"O Romeo, Romeo! wherefore art thou Romeo?."
1144,"All the world 's a stage, and all the men and women merely players. They have their exits and their entrances; And one man in his time plays many parts."
1145,"Conscience is but a word that cowards use, devised at first to keep the strong in awe."
1146,"Neither a borrower nor a lender be; For loan oft loses both itself and friend, and borrowing dulls the edge of husbandry."
1147,"The fool doth think he is wise, but the wise man knows himself to be a fool."
1148,Can one desire too much of a good thing?.
1149,"Conscience is but a word that cowards use, devised at first to keep the strong in awe."
1150,"Conscience is but a word that cowards use, devised at first to keep the strong in awe."
1151,"The world is grown so bad, that wrens make prey where eagles dare not perch."
1152,Wisely and slow; they stumble that run fast.
1153,"Blow, blow, thou winter wind! Thou art not so unkind as man's ingratitude."
1154,"So wise so young, they say, do never live long."
1155,"To be, or not to be: that is the question."
1156,"It is the east, and Juliet is the sun."
1157,For ever and a day.
1158,"See, how she leans her cheek upon her hand! O that I were a glove upon that hand, that I might touch that cheek!."
1159,Can one desire too much of a good thing?.
1160,The king's name is a tower of strength.
1161,Not stepping o'er the bounds of modesty.
1162,"What a piece of work is man! how noble in reason! how infinite in faculty! in form and moving how express and admirable! in action how like an angel! in apprehension how like a god! the beauty of the world, the paragon of animals! ."
1163,"So wise so young, they say, do never live long."
1164,"So wise so young, they say, do never live long."
1165,"The fool doth think he is wise, but the wise man knows himself to be a fool."
1166,Not stepping o'er the bounds of modesty.
1167,Tempt not a desperate man.
1168,"O Romeo, Romeo! wherefore art thou Romeo?."
1169,"All the world 's a stage, and all the men and women merely players. They have their exits and their entrances; And one man in his time plays many parts."
1170,"The world is grown so bad, that wrens make prey where eagles dare not perch."
1171,Do you think I am easier to be played on than a pipe?
1172,Now is the winter of our discontent.
1173,"An honest tale speeds best, being plainly told."
1174,A horse! a horse! my kingdom for a horse!.
1175,A horse! a horse! my kingdom for a horse!.
1176,O! she doth teach the torches to burn bright.
1177,"Good Night, Good night! Parting is such sweet sorrow, that I shall say good night till it be morrow."
1178,"Blow, blow, thou winter wind! Thou art not so unkind as man's ingratitude."
1179,Wisely and slow; they stumble that run fast.
1180,"An honest tale speeds best, being plainly told."
1181,A horse! a horse! my kingdom for a horse!.
1182,I like this place and willingly could waste my time in it.
1183,Off with his head!
1184,"Conscience is but a word that cowards use, devised at first to keep the strong in awe."
1185,A horse! a horse! my kingdom for a horse!.
1186,Off with his head!
1187,Can one desire too much of a good thing?.
1188,Now is the winter of our discontent.
1189,True is it that we have seen better days.
1190,True is it that we have seen better days.
1191,"To be, or not to be: that is the question."
1192,Wisely and slow; they stumble that run fast.
1193,Off with his head!
1194,"Conscience is but a word that cowards use, devised at first to keep the strong in awe."
1195,Can one desire too much of a good thing?.
1196,"See, how she leans her cheek upon her hand! O that I were a glove upon that hand, that I might touch that cheek!."
1197,A horse! a horse! my kingdom for a horse!.
1198,"A little more than kin, and less than kind."
1199,"Blow, blow, thou winter wind! Thou art not so unkind as man's ingratitude."
1200,"The fool doth think he is wise, but the wise man knows himself to be a fool."
1201,The king's name is a tower of strength.
1202,"O Romeo, Romeo! wherefore art thou Romeo?."
1203,Off with his head!
1204,"An honest tale speeds best, being plainly told."
1205,Off with his head!
1206,In my mind's eye.
1207,Wisely and slow; they stumble that run fast.
1208,"All the world 's a stage, and all the men and women merely players. They have their exits and their entrances; And one man in his time plays many parts."
1209,Wisely and slow; they stumble that run fast.
1210,"Good Night, Good night! Parting is such sweet sorrow, that I shall say good night till it be morrow."
1211,"Good Night, Good night! Parting is such sweet sorrow, that I shall say good night till it be morrow."
1212,"When sorrows come, they come not single spies, but in battalions."
1213,"When sorrows come, they come not single spies, but in battalions."
1214,Do you think I am easier to be played on than a pipe?
1215,True is it that we have seen better days.
1216,That it should come to this!.
1217,"An honest tale speeds best, being plainly told."
1218,For ever and a day.
1219,The king's name is a tower of strength.
1220,For ever and a day.
1221,Do you think I am easier to be played on than a pipe?
1222,"When sorrows come, they come not single spies, but in battalions."
1223,The king's name is a tower of strength.
1224,In my mind's eye.
1225,The king's name is a tower of strength.
1226,O! she doth teach the torches to burn bright.
1227,How bitter a thing it is to look into happiness through another man's eyes!
1228,"See, how she leans her cheek upon her hand! O that I were a glove upon that hand, that I might touch that cheek!."
1229,A horse! a horse! my kingdom for a horse!.
1230,"O Romeo, Romeo! wherefore art thou Romeo?."
1231,"The lady doth protest too much, methinks."
1232,True is it that we have seen better days.
1233,Can one desire too much of a good thing?.
1234,"Blow, blow, thou winter wind! Thou art not so unkind as man's ingratitude."
1235,What's in a name? That which we call a rose by any other name would smell as sweet.
1236,The king's name is a tower of strength.
1237,"Blow, blow, thou winter wind! Thou art not so unkind as man's ingratitude."
1238,"There is nothing either good or bad, but thinking makes it so."
1239,That it should come to this!.
1240,"So wise so young, they say, do never live long."
1241,"The world is grown so bad, that wrens make prey where eagles dare not perch."
1242,"And it must follow, as the night the day, thou canst not then be false to any man."
1243,"The lady doth protest too much, methinks."
1244,True is it that we have seen better days.
1245,O! she doth teach the torches to burn bright.
1246,"The fool doth think he is wise, but the wise man knows himself to be a fool."
1247,"Neither a borrower nor a lender be; For loan oft loses both itself and friend, and borrowing dulls the edge of husbandry."
1248,"I will speak daggers to her, but use none."
1249,"See, how she leans her cheek upon her hand! O that I were a glove upon that hand, that I might touch that cheek!."
1250,The play 's the thing wherein I'll catch the conscience of the king.
1251,"An honest tale speeds best, being plainly told."
1252,"Conscience is but a word that cowards use, devised at first to keep the strong in awe."
1253,"An honest tale speeds best, being plainly told."
1254,"An honest tale speeds best, being plainly told."
1255,Brevity is the soul of wit.
1256,"To be, or not to be: that is the question."
1257,Tempt not a desperate man.
1258,I like this place and willingly could waste my time in it.
1259,Can one desire too much of a good thing?.
1260,"See, how she leans her cheek upon her hand! O that I were a glove upon that hand, that I might touch that cheek!."
1261,For ever and a day.
1262,"It is the east, and Juliet is the sun."
1263,"The world is grown so bad, that wrens make prey where eagles dare not perch."
1264,A horse! a horse! my kingdom for a horse!.
1265,O! she doth teach the torches to burn bright.
1266,For ever and a day.
1267,What's in a name? That which we call a rose by any other name would smell as sweet.
1268,Wisely and slow; they stumble that run fast.
1269,Can one desire too much of a good thing?.
1270,"Doubt that the sun doth move, doubt truth to be a liar, but never doubt I love."
1271,Can one desire too much of a good thing?.
1272,"The world is grown so bad, that wrens make prey where eagles dare not perch."
1273,Off with his head!
1274,"All the world 's a stage, and all the men and women merely players. They have their exits and their entrances; And one man in his time plays many parts."
1275,I like this place and willingly could waste my time in it.
1276,Not stepping o'er the bounds of modesty.
1277,"The lady doth protest too much, methinks."
1278,"All the world 's a stage, and all the men and women merely players. They have their exits and their entrances; And one man in his time plays many parts."
1279,Brevity is the soul of wit.
1280,For you and I are past our dancing days.
1281,Brevity is the soul of wit.
1282,"Blow, blow, thou winter wind! Thou art not so unkind as man's ingratitude."
1283,Rich gifts wax poor when givers prove unkind.
1284,True is it that we have seen better days.
1285,"To be, or not to be: that is the question."
1286,"I will speak daggers to her, but use none."
1287,"So wise so young, they say, do never live long."
1288,A horse! a horse! my kingdom for a horse!.
1289,"The fool doth think he is wise, but the wise man knows himself to be a fool."
1290,Can one desire too much of a good thing?.
1291,"Blow, blow, thou winter wind! Thou art not so unkind as man's ingratitude."
1292,"All the world 's a stage, and all the men and women merely players. They have their exits and their entrances; And one man in his time plays many parts."
1293,"The world is grown so bad, that wrens make prey where eagles dare not perch."
1294,I like this place and willingly could waste my time in it.
1295,It seems she hangs upon the cheek of night like a rich jewel in an Ethiope's ear.
1296,"An honest tale speeds best, being plainly told."
1297,Wisely and slow; they stumble that run fast.
1298,"An honest tale speeds best, being plainly told."
1299,"Though this be madness, yet there is method in 't."
1300,How bitter a thing it is to look into happiness through another man's eyes!
1301,"O Romeo, Romeo! wherefore art thou Romeo?."
1302,For ever and a day.
1303,"I will speak daggers to her, but use none."
1304,"So wise so young, they say, do never live long."
1305,"All the world 's a stage, and all the men and women merely players. They have their exits and their entrances; And one man in his time plays many parts."
1306,"And it must follow, as the night the day, thou canst not then be false to any man."
1307,"To be, or not to be: that is the question."
1308,Now is the winter of our discontent.
1309,"Good Night, Good night! Parting is such sweet sorrow, that I shall say good night till it be morrow."
1310,For ever and a day.
1311,"All the world 's a stage, and all the men and women merely players. They have their exits and their entrances; And one man in his time plays many parts."
1312,That it should come to this!.
1313,I like this place and willingly could waste my time in it.
1314,Off with his head!
1315,"And it must follow, as the night the day, thou canst not then be false to any man."
1316,Tempt not a desperate man.
1317,Can one desire too much of a good thing?.
1318,"An honest tale speeds best, being plainly told."
1319,What's in a name? That which we call a rose by any other name would smell as sweet.
1320,"Blow, blow, thou winter wind! Thou art not so unkind as man's ingratitude."
1321,"Though this be madness, yet there is method in 't."
1322,"All the world 's a stage, and all the men and women merely players. They have their exits and their entrances; And one man in his time plays many parts."
1323,"There is nothing either good or bad, but thinking makes it so."
1324,I like this place and willingly could waste my time in it.
1325,For you and I are past our dancing days.
1326,Wisely and slow; they stumble that run fast.
1327,"The lady doth protest too much, methinks."
1328,"The world is grown so bad, that wrens make prey where eagles dare not perch."
1329,"The world is grown so bad, that wrens make prey where eagles dare not perch."
1330,"When sorrows come, they come not single spies, but in battalions."
1331,"All the world 's a stage, and all the men and women merely players. They have their exits and their entrances; And one man in his time plays many parts."
1332,For ever and a day.
1333,"Neither a borrower nor a lender be; For loan oft loses both itself and friend, and borrowing dulls the edge of husbandry."
1334,"All the world 's a stage, and all the men and women merely players. They have their exits and their entrances; And one man in his time plays many parts."
1335,I like this place and willingly could waste my time in it.
1336,For ever and a day.
1337,"An honest tale speeds best, being plainly told."
1338,Now is the winter of our discontent.
1339,Can one desire too much of a good thing?.
1340,"An honest tale speeds best, being plainly told."
1341,"To be, or not to be: that is the question."
1342,"To be, or not to be: that is the question."
1343,"Good Night, Good night! Parting is such sweet sorrow, that I shall say good night till it be morrow."
1344,For ever and a day.
1345,"To be, or not to be: that is the question."
1346,It seems she hangs upon the cheek of night like a rich jewel in an Ethiope's ear.
1347,"An honest tale speeds best, being plainly told."
1348,"To be, or not to be: that is the question."
1349,The play 's the thing wherein I'll catch the conscience of the king.
1350,Rich gifts wax poor when givers prove unkind.
1351,"So wise so young, they say, do never live long."
1352,That it should come to this!.
1353,It seems she hangs upon the cheek of night like a rich jewel in an Ethiope's ear.
1354,That it should come to this!.
1355,"An honest tale speeds best, being plainly told."
1356,Not stepping o'er the bounds of modesty.
1357,Can one desire too much of a good thing?.
1358,"An honest tale speeds best, being plainly told."
1359,Brevity is the soul of wit.
1360,"O Romeo, Romeo! wherefore art thou Romeo?."
1361,It seems she hangs upon the cheek of night like a rich jewel in an Ethiope's ear.
1362,I like this place and willingly could waste my time in it.
1363,The king's name is a tower of strength.
1364,"A little more than kin, and less than kind."
1365,Off with his head!
1366,Now is the winter of our discontent.
1367,"So wise so young, they say, do never live long."
1368,That it should come to this!.
1369,"All the world 's a stage, and all the men and women merely players. They have their exits and their entrances; And one man in his time plays many parts."
1370,"It is the east, and Juliet is the sun."
1371,True is it that we have seen better days.
1372,"I will speak daggers to her, but use none."
1373,Brevity is the soul of wit.
1374,In my mind's eye.
1375,Off with his head!
1376,How bitter a thing it is to look into happiness through another man's eyes!
1377,The play 's the thing wherein I'll catch the conscience of the king.
1378,"There is nothing either good or bad, but thinking makes it so."
1379,Now is the winter of our discontent.
1380,"Good Night, Good night! Parting is such sweet sorrow, that I shall say good night till it be morrow."
1381,True is it that we have seen better days.
1382,What's in a name? That which we call a rose by any other name would smell as sweet.
1383,"And it must follow, as the night the day, thou canst not then be false to any man."
1384,"And it must follow, as the night the day, thou canst not then be false to any man."
1385,The play 's the thing wherein I'll catch the conscience of the king.
1386,I like this place and willingly could waste my time in it.
1387,"All the world 's a stage, and all the men and women merely players. They have their exits and their entrances; And one man in his time plays many parts."
1388,"Blow, blow, thou winter wind! Thou art not so unkind as man's ingratitude."
1389,"There is nothing either good or bad, but thinking makes it so."
1390,"It is the east, and Juliet is the sun."
1391,For ever and a day.
1392,What's in a name? That which we call a rose by any other name would smell as sweet.
1393,In my mind's eye.
1394,How bitter a thing it is to look into happiness through another man's eyes!
1395,"So wise so young, they say, do never live long."
1396,For you and I are past our dancing days.
1397,True is it that we have seen better days.
1398,"See, how she leans her cheek upon her hand! O that I were a glove upon that hand, that I might touch that cheek!."
1399,"What a piece of work is man! how noble in reason! how infinite in faculty! in form and moving how express and admirable! in action how like an angel! in apprehension how like a god! the beauty of the world, the paragon of animals! ."
1400,For ever and a day.
1401,Brevity is the soul of wit.
1402,"O Romeo, Romeo! wherefore art thou Romeo?."
1403,"To be, or not to be: that is the question."
1404,Not stepping o'er the bounds of modesty.
1405,"Blow, blow, thou winter wind! Thou art not so unkind as man's ingratitude."
1406,"So wise so young, they say, do never live long."
1407,It seems she hangs upon the cheek of night like a rich jewel in an Ethiope's ear.
1408,This above all: to thine own self be true.
1409,"So wise so young, they say, do never live long."
1410,It seems she hangs upon the cheek of night like a rich jewel in an Ethiope's ear.
1411,"Conscience is but a word that cowards use, devised at first to keep the strong in awe."
1412,"An honest tale speeds best, being plainly told."
1413,"All the world 's a stage, and all the men and women merely players. They have their exits and their entrances; And one man in his time plays many parts."
1414,Can one desire too much of a good thing?.
1415,Do you think I am easier to be played on than a pipe?
1416,"Blow, blow, thou winter wind! Thou art not so unkind as man's ingratitude."
1417,O! she doth teach the torches to burn bright.
1418,"O Romeo, Romeo! wherefore art thou Romeo?."
1419,In my mind's eye.
1420,"Conscience is but a word that cowards use, devised at first to keep the strong in awe."
1421,For ever and a day.
1422,Off with his head!
1423,"Good Night, Good night! Parting is such sweet sorrow, that I shall say good night till it be morrow."
1424,"The world is grown so bad, that wrens make prey where eagles dare not perch."
1425,Rich gifts wax poor when givers prove unkind.
1426,It seems she hangs upon the cheek of night like a rich jewel in an Ethiope's ear.
1427,"Doubt that the sun doth move, doubt truth to be a liar, but never doubt I love."
1428,"What a piece of work is man! how noble in reason! how infinite in faculty! in form and moving how express and admirable! in action how like an angel! in apprehension how like a god! the beauty of the world, the paragon of animals! ."
1429,A horse! a horse! my kingdom for a horse!.
1430,"So wise so young, they say, do never live long."
1431,True is it that we have seen better days.
1432,Tempt not a desperate man.
1433,"Though this be madness, yet there is method in 't."
1434,"A little more than kin, and less than kind."
1435,Can one desire too much of a good thing?.
1436,It seems she hangs upon the cheek of night like a rich jewel in an Ethiope's ear.
1437,"There is nothing either good or bad, but thinking makes it so."
1438,True is it that we have seen better days.
1439,This above all: to thine own self be true.
1440,Off with his head!
1441,It seems she hangs upon the cheek of night like a rich jewel in an Ethiope's ear.
1442,That it should come to this!.
1443,"All the world 's a stage, and all the men and women merely players. They have their exits and their entrances; And one man in his time plays many parts."
1444,"Good Night, Good night! Parting is such sweet sorrow, that I shall say good night till it be morrow."
1445,"Conscience is but a word that cowards use, devised at first to keep the strong in awe."
1446,The play 's the thing wherein I'll catch the conscience of the king.
1447,"The world is grown so bad, that wrens make prey where eagles dare not perch."
1448,Brevity is the soul of wit.
1449,"An honest tale speeds best, being plainly told."
1450,"So wise so young, they say, do never live long."
1451,This above all: to thine own self be true.
1452,"Good Night, Good night! Parting is such sweet sorrow, that I shall say good night till it be morrow."
1453,True is it that we have seen better days.
1454,"And it must follow, as the night the day, thou canst not then be false to any man."
1455,I like this place and willingly could waste my time in it.
1456,O! she doth teach the torches to burn bright.
1457,What's in a name? That which we call a rose by any other name would smell as sweet.
1458,"Blow, blow, thou winter wind! Thou art not so unkind as man's ingratitude."
1459,Now is the winter of our discontent.
1460,"Blow, blow, thou winter wind! Thou art not so unkind as man's ingratitude."
1461,In my mind's eye.
1462,For you and I are past our dancing days.
1463,How bitter a thing it is to look into happiness through another man's eyes!
1464,The king's name is a tower of strength.
1465,"The fool doth think he is wise, but the wise man knows himself to be a fool."
1466,"An honest tale speeds best, being plainly told."
1467,O! she doth teach the torches to burn bright.
1468,"An honest tale speeds best, being plainly told."
1469,The play 's the thing wherein I'll catch the conscience of the king.
1470,I like this place and willingly could waste my time in it.
1471,That it should come to this!.
1472,Not stepping o'er the bounds of modesty.
1473,"An honest tale speeds best, being plainly told."
1474,"I will speak daggers to her, but use none."
1475,It seems she hangs upon the cheek of night like a rich jewel in an Ethiope's ear.
1476,"Blow, blow, thou winter wind! Thou art not so unkind as man's ingratitude."
1477,"The fool doth think he is wise, but the wise man knows himself to be a fool."
1478,"Good Night, Good night! Parting is such sweet sorrow, that I shall say good night till it be morrow."
1479,"And it must follow, as the night the day, thou canst not then be false to any man."
1480,"All the world 's a stage, and all the men and women merely players. They have their exits and their entrances; And one man in his time plays many parts."
1481,"The world is grown so bad, that wrens make prey where eagles dare not perch."
1482,"An honest tale speeds best, being plainly told."
1483,"The fool doth think he is wise, but the wise man knows himself to be a fool."
1484,"Conscience is but a word that cowards use, devised at first to keep the strong in awe."
1485,What's in a name? That which we call a rose by any other name would smell as sweet.
1486,A horse! a horse! my kingdom for a horse!.
1487,The king's name is a tower of strength.
1488,"So wise so young, they say, do never live long."
1489,True is it that we have seen better days.
1490,"See, how she leans her cheek upon her hand! O that I were a glove upon that hand, that I might touch that cheek!."
1491,"There is nothing either good or bad, but thinking makes it so."
1492,Now is the winter of our discontent.
1493,"O Romeo, Romeo! wherefore art thou Romeo?."
1494,"The world is grown so bad, that wrens make prey where eagles dare not perch."
1495,"The world is grown so bad, that wrens make prey where eagles dare not perch."
1496,For ever and a day.
1497,"The world is grown so bad, that wrens make prey where eagles dare not perch."
1498,"Good Night, Good night! Parting is such sweet sorrow, that I shall say good night till it be morrow."
1499,"A little more than kin, and less than kind."
1500,True is it that we have seen better days.
1501,O! she doth teach the torches to burn bright.
1502,"O Romeo, Romeo! wherefore art thou Romeo?."
1503,Now is the winter of our discontent.
1504,How bitter a thing it is to look into happiness through another man's eyes!
1505,Rich gifts wax poor when givers prove unkind.
1506,O! she doth teach the torches to burn bright.
1507,"The world is grown so bad, that wrens make prey where eagles dare not perch."
1508,A horse! a horse! my kingdom for a horse!.
1509,O! she doth teach the torches to burn bright.
1510,"The fool doth think he is wise, but the wise man knows himself to be a fool."
1511,That it should come to this!.
1512,Off with his head!
1513,Tempt not a desperate man.
1514,Do you think I am easier to be played on than a pipe?
1515,"What a piece of work is man! how noble in reason! how infinite in faculty! in form and moving how express and admirable! in action how like an angel! in apprehension how like a god! the beauty of the world, the paragon of animals! ."
1516,For ever and a day.
1517,I like this place and willingly could waste my time in it.
1518,I like this place and willingly could waste my time in it.
1519,"Blow, blow, thou winter wind! Thou art not so unkind as man's ingratitude."
1520,"A little more than kin, and less than kind."
1521,"The fool doth think he is wise, but the wise man knows himself to be a fool."
1522,I like this place and willingly could waste my time in it.
1523,"Blow, blow, thou winter wind! Thou art not so unkind as man's ingratitude."
1524,Tempt not a desperate man.
1525,"Conscience is but a word that cowards use, devised at first to keep the strong in awe."
1526,Tempt not a desperate man.
1527,"I will speak daggers to her, but use none."
1528,Not stepping o'er the bounds of modesty.
1529,The king's name is a tower of strength.
1530,Tempt not a desperate man.
1531,A horse! a horse! my kingdom for a horse!.
1532,Wisely and slow; they stumble that run fast.
1533,Wisely and slow; they stumble that run fast.
1534,"Conscience is but a word that cowards use, devised at first to keep the strong in awe."
1535,"An honest tale speeds best, being plainly told."
1536,Not stepping o'er the bounds of modesty.
1537,"See, how she leans her cheek upon her hand! O that I were a glove upon that hand, that I might touch that cheek!."
1538,"Good Night, Good night! Parting is such sweet sorrow, that I shall say good night till it be morrow."
1539,"The lady doth protest too much, methinks."
1540,"All the world 's a stage, and all the men and women merely players. They have their exits and their entrances; And one man in his time plays many parts."
1541,How bitter a thing it is to look into happiness through another man's eyes!
1542,A horse! a horse! my kingdom for a horse!.
1543,"An honest tale speeds best, being plainly told."
1544,"The fool doth think he is wise, but the wise man knows himself to be a fool."
1545,I like this place and willingly could waste my time in it.
1546,I like this place and willingly could waste my time in it.
1547,"Though this be madness, yet there is method in 't."
1548,"Though this be madness, yet there is method in 't."
1549,"The world is grown so bad, that wrens make prey where eagles dare not perch."
1550,Not stepping o'er the bounds of modesty.
1551,The king's name is a tower of strength.
1552,"An honest tale speeds best, being plainly told."
1553,"There is nothing either good or bad, but thinking makes it so."
1554,Tempt not a desperate man.
1555,Off with his head!
1556,"It is the east, and Juliet is the sun."
1557,Now is the winter of our discontent.
1558,I like this place and willingly could waste my time in it.
1559,Rich gifts wax poor when givers prove unkind.
1560,"Neither a borrower nor a lender be; For loan oft loses both itself and friend, and borrowing dulls the edge of husbandry."
1561,I like this place and willingly could waste my time in it.
1562,"Good Night, Good night! Parting is such sweet sorrow, that I shall say good night till it be morrow."
1563,For you and I are past our dancing days.
1564,How bitter a thing it is to look into happiness through another man's eyes!
1565,Tempt not a desperate man.
1566,A horse! a horse! my kingdom for a horse!.
1567,"The fool doth think he is wise, but the wise man knows himself to be a fool."
1568,"Neither a borrower nor a lender be; For loan oft loses both itself and friend, and borrowing dulls the edge of husbandry."
1569,"So wise so young, they say, do never live long."
1570,In my mind's eye.
1571,"I will speak daggers to her, but use none."
1572,"An honest tale speeds best, being plainly told."
1573,Tempt not a desperate man.
1574,"Blow, blow, thou winter wind! Thou art not so unkind as man's ingratitude."
1575,"The fool doth think he is wise, but the wise man knows himself to be a fool."
1576,"A little more than kin, and less than kind."
1577,"Though this be madness, yet there is method in 't."
1578,"All the world 's a stage, and all the men and women merely players. They have their exits and their entrances; And one man in his time plays many parts."
1579,For you and I are past our dancing days.
1580,Now is the winter of our discontent.
1581,"So wise so young, they say, do never live long."
1582,Can one desire too much of a good thing?.
1583,"Blow, blow, thou winter wind! Thou art not so unkind as man's ingratitude."
1584,"Conscience is but a word that cowards use, devised at first to keep the strong in awe."
1585,I like this place and willingly could waste my time in it.
1586,"When sorrows come, they come not single spies, but in battalions."
1587,"The world is grown so bad, that wrens make prey where eagles dare not perch."
1588,"Blow, blow, thou winter wind! Thou art not so unkind as man's ingratitude."
1589,The play 's the thing wherein I'll catch the conscience of the king.
1590,"Conscience is but a word that cowards use, devised at first to keep the strong in awe."
1591,What's in a name? That which we call a rose by any other name would smell as sweet.
1592,"It is the east, and Juliet is the sun."
1593,"So wise so young, they say, do never live long."
1594,"There is nothing either good or bad, but thinking makes it so."
1595,"To be, or not to be: that is the question."
1596,"See, how she leans her cheek upon her hand! O that I were a glove upon that hand, that I might touch that cheek!."
1597,"The lady doth protest too much, methinks."
1598,Off with his head!
1599,A horse! a horse! my kingdom for a horse!.
1600,That it should come to this!.
1601,"An honest tale speeds best, being plainly told."
1602,"Good Night, Good night! Parting is such sweet sorrow, that I shall say good night till it be morrow."
1603,"The world is grown so bad, that wrens make prey where eagles dare not perch."
1604,O! she doth teach the torches to burn bright.
1605,"It is the east, and Juliet is the sun."
1606,The play 's the thing wherein I'll catch the conscience of the king.
1607,"All the world 's a stage, and all the men and women merely players. They have their exits and their entrances; And one man in his time plays many parts."
1608,It seems she hangs upon the cheek of night like a rich jewel in an Ethiope's ear.
1609,Tempt not a desperate man.
1610,"See, how she leans her cheek upon her hand! O that I were a glove upon that hand, that I might touch that cheek!."
1611,The king's name is a tower of strength.
1612,"The fool doth think he is wise, but the wise man knows himself to be a fool."
1613,O! she doth teach the torches to burn bright.
1614,"All the world 's a stage, and all the men and women merely players. They have their exits and their entrances; And one man in his time plays many parts."
1615,For you and I are past our dancing days.
1616,"So wise so young, they say, do never live long."
1617,For ever and a day.
1618,For ever and a day.
1619,How bitter a thing it is to look into happiness through another man's eyes!
1620,For ever and a day.
1621,In my mind's eye.
1622,"The fool doth think he is wise, but the wise man knows himself to be a fool."
1623,"It is the east, and Juliet is the sun."
1624,Tempt not a desperate man.
1625,For you and I are past our dancing days.
1626,"And it must follow, as the night the day, thou canst not then be false to any man."
1627,"Conscience is but a word that cowards use, devised at first to keep the strong in awe."
1628,"All the world 's a stage, and all the men and women merely players. They have their exits and their entrances; And one man in his time plays many parts."
1629,Tempt not a desperate man.
1630,For you and I are past our dancing days.
1631,It seems she hangs upon the cheek of night like a rich jewel in an Ethiope's ear.
1632,Can one desire too much of a good thing?.
1633,Off with his head!
1634,Wisely and slow; they stumble that run fast.
1635,How bitter a thing it is to look into happiness through another man's eyes!
1636,"What a piece of work is man! how noble in reason! how infinite in faculty! in form and moving how express and admirable! in action how like an angel! in apprehension how like a god! the beauty of the world, the paragon of animals! ."
1637,Off with his head!
1638,"O Romeo, Romeo! wherefore art thou Romeo?."
1639,"The fool doth think he is wise, but the wise man knows himself to be a fool."
1640,For you and I are past our dancing days.
1641,"Blow, blow, thou winter wind! Thou art not so unkind as man's ingratitude."
1642,Tempt not a desperate man.
1643,"Conscience is but a word that cowards use, devised at first to keep the strong in awe."
1644,"What a piece of work is man! how noble in reason! how infinite in faculty! in form and moving how express and admirable! in action how like an angel! in apprehension how like a god! the beauty of the world, the paragon of animals! ."
1645,How bitter a thing it is to look into happiness through another man's eyes!
1646,"Good Night, Good night! Parting is such sweet sorrow, that I shall say good night till it be morrow."
1647,Brevity is the soul of wit.
1648,Can one desire too much of a good thing?.
1649,True is it that we have seen better days.
1650,"The fool doth think he is wise, but the wise man knows himself to be a fool."
