node_id,name
1,Indiana Jones
2,Ransom Bernier
3,Marjorie Watsica
4,Lexus Hyatt
5,Jovan Shields MD
6,Miss Aglae Wolf
7,Vance Simonis
8,Keely Schmeler
9,Ms. Fae Schneider
10,Henderson Abshire
11,Edgar Cummings
12,Howell Wisoky III
13,Tito Doyle PhD
14,Dr. Lorenza O'Keefe
15,Ben Denesik
16,Mr. Joan Hickle
17,Mr. Lesley Wiza
18,Destany Cruickshank
19,Augusta Borer
20,Lilly Stoltenberg
21,Miss Lenora Klein
22,Eva Halvorson
23,Jordane Luettgen
24,Kylie Kovacek
25,America King
26,Abner Fritsch
27,Susie Lynch
28,Eryn Glover
29,Ms. Chelsie Rogahn
30,Carli Hyatt
31,Lizeth DuBuque
32,Adah Purdy
33,Mittie Stokes
34,Denis Cassin
35,Savanna Mayert
36,Mr. Devon Batz
37,Sedrick Flatley
38,Dr. Kiara Schoen
39,Dixie Crooks
40,Bulah Leuschke MD
41,Jonathan Lueilwitz
42,Ashleigh Marquardt II
43,Claud Waelchi
44,Dayna Rutherford
45,Alisha Mosciski
46,Miss Laverna Lockman
47,Juwan Gusikowski
48,Chesley Ondricka
49,America Bosco
50,Blanche Legros
51,Joesph Okuneva
52,Mattie Schneider
53,Haven Mosciski
54,Ms. Abbie Klein
55,Norris Keebler
56,Mrs. Charity Stehr
57,Cristobal Becker
58,Ruthie Erdman
59,Ms. Isabelle Gutmann
60,Nella Willms
61,Laverna Stroman
62,Hallie Stanton II
63,Pierre Tromp
64,Ivory Maggio
65,Loma Daugherty
66,Nathan Runte
67,Sim Batz
68,Felton Friesen
69,Gabriella Watsica
70,Daphne Bashirian
71,Alvah Williamson
72,Mr. Casimir Emard
73,Sandrine Ernser DVM
74,Gudrun Hamill
75,Darrell Schaefer
76,Mr. Alek Bernier
77,Ansley Rempel
78,Bulah Miller
79,Ayden Gutkowski PhD
80,Norberto Kutch III
81,Earlene Kutch
82,Erin Ankunding
83,Gunnar Bradtke
84,Vladimir Schmitt MD
85,Mr. Francisco Bergstrom
86,Ms. Chadrick Beahan
87,Mrs. Kayleigh Abbott
88,Newton Kuhic IV
89,Tamara Sporer II
90,Dr. Gaston Effertz
91,Rodrick Doyle
92,Toby Rutherford
93,Mrs. Kaya Schulist
94,Frieda Stehr
95,Jasper Heller
96,Miss Timothy Lueilwitz
97,Gerry Collier
98,Dr. Eleanora Mann
99,Ryder Batz
100,Julian Bartell
101,Mandy Miller
102,Viva Barrows
103,Miss Louisa Hirthe
104,Astrid Heller
105,Jamel Borer DVM
106,Katlyn Koch
107,Karlee VonRueden
108,Britney O'Conner
109,Destinee McLaughlin
110,Mrs. Cameron Barton
111,Cassie Stamm
112,Nadia Heathcote PhD
113,Justus Harvey
114,Evangeline Schamberger DVM
115,Jarrell Davis DVM
116,Osbaldo Beer MD
117,Rozella Jast
118,Heather Feest
119,Ward Bartoletti DDS
120,Jared Turner
121,Casimer Friesen
122,Milton Torp
123,Miss Brandt Harris
124,Verna Lubowitz
125,Nicolette Pacocha Sr.
126,Mr. Wilhelmine D'Amore
127,Tressa Leuschke
128,Bryce Price
129,Ashtyn Nolan
130,Iva Cassin
131,Bailee Crooks DVM
132,Abel Goyette MD
133,Jany Lesch
134,Ursula Macejkovic
135,Modesto Jenkins
136,Leora Nader
137,Ben Watsica I
138,Gregoria McLaughlin
139,Hilda Anderson
140,Chadd Mann
141,Janelle Herzog
142,Ms. Jarret Goodwin
143,Uriah Carter
144,Damon Fay
145,Clementine Sanford V
146,Derek Feil
147,Jameson Powlowski
148,Yasmine Bashirian
149,Gia Weimann DDS
150,Loy Orn
